Name,Role
Yue,Student
Kevin,Student
Ryan,Student
JOHN,Student
Alex,Student
Cael,Waitlist Student
Angela,Student
MICHAEL,Student
Sean,Student
Andrew,Student
Chloe,Student
Kevin,Student
Kevin,Student
Anna,Student
Bryan,Student
Emily,Student
Samantha,Student
Michael,Student
Xiao,Student
Kevin,Student
Justin,Student
Michael,Student
Rachel,Student
John,Student
David,Student
Jessica,Student
Chloe,Student
Shannon,Student
William,Student
Julia,Student
Michael,Student
Michael,Student
Alex,Student
Ashwini,Student
Angelina,Student
Ravpreet,Student
Rachel,Student
Gursimar,Student
Michael,Student
Kavi,Student
Angela,Student
Justin,Student
Aditya,Student
Michelle,Student
Grace,Student
Lilian,Student
Zenan,Waitlist Student
Allison,Student
Maya,Student
John,Student
Max,Student
Kathy,Student
Wesley,Student
Andrew,Student
John,Student
Fin,Student
Melody,Student
William,Student
Amol,Student
Claire,Student
Rachel,Student
Jose,Student
Vamsi,Student
Joseph,Student
Ashley,Student
John,Student
Jason,Student
Emily,Student
Michael,Student
Giselle,Student
Mia,Student
Abby,Student
Ender,Student
Ani,Student
Andrew,Waitlist Student
Zheyu,Student
Emily,Student
Aarushi,Student
Michael,Student
Vera,Student
Frank,Student
Joyce,Student
Jackson,Student
Melody,Student
Danica,Student
Aditya,Student
Kimberly,Student
Saiteja,Student
David,Student
Nela,Student
Tan,Student
Bryan,Student
Lucas,Student
Joseph,Student
Esther,Student
Derui,Waitlist Student
Cara,Student
Lindsay,Student
Joying,Student
Andrew,Student
Kevin,Student
Amanda,Student
Mokhalad,Student
Della,Student
Aditya,Student
Alex,Student
Michael,Student
Zehua,Student
Danny,Student
Irene,Student
Dylan,Student
Justin,Student
Charles,Student
Eva,Student
Vanessa,Student
Monica,Student
William,Student
Brie,Student
Justin,Student
Joseph,Student
Siddharth,Student
Joseph,Student
Ryan,Student
Liam,Student
Gabriel,Student
Maddie,Student
Ishan,Student
Teoman,Student
Alejandra,Student
Elizabeth,Student
Aivan,Student
Melody,Student
Nathan,Student
Kevin,Student
Ella,Student
Mahathi,Student
Andy,Student
Nishka,Student
Ethan,Student
Cheng-Han,Student
Nathan,Student
Lizbeth,Student
Emily,Student
Chloe,Student
Diego,Student
Changlong,Student
Tarek,Student
Sze,Student
Hanqi,Student
Song,Student
Edwin,Student
Michael,Student
David,Student
Sean,Student
Wesley,Student
Andrew,Student
Colby,Student
Monica,Student
Xiaoke,Waitlist Student
Kelly,Student
Ethan,Waitlist Student
Tammy,Student
Lauren,Student
Victoria,Student
Wajahat,Student
Rushi,Student
Jada,Student
Dhruv,Student
Nikhil,Student
Ryan,Student
Adam,Student
Pooja,Student
Samaya,Student
Varun,Student
Jose,Student
David,Student
Melody,Student
Diego,Student
Ashley,Student
Sreetej,Student
Ali,Student
Sumana,Student
Jessica,Student
Jenna,Student
Diane,Student
Michelle,Student
Daniel,Student
Lesly,Student
Joyce,Student
Pierre,Student
Ida,Student
Jacob,Student
Ziyan,Student
Yaoming,Student
Salvador,Student
Ali,Student
Jaden,Student
Sarina,Student
Ella,Student
Seho,Student
Owen,Student
Allan,Student
Gabriel,Student
Rucha,Student
Jason,Student
Yewen,Student
Sam,Student
Jason,Student
Bryan,Waitlist Student
Carol,Student
Gabriel,Student
#REF!,#REF!
Sam,Student
Caleb,Student
David,Student
Alex,Student
Sri,Student
Amy,Waitlist Student
Tyler,Student
Tommy,Student
Kaitlyn,Student
Garrett,Student
Quincy,Student
Jihoon,Student
Rachel,Student
Nicole,Waitlist Student
Khoa,Student
Houmin,Student
Kelly,Student
Angel,Student
Jason,Student
Hannah,Student
Eric,Student
Om,Student
Nicole,Student
Michael,Student
Luyao,Student
Claire,Student
Amanda,Student
Blake,Student
Ethan,Student
Derrick,Waitlist Student
Ayaka,Student
Yuanjue,Student
Sophie,Student
Mark,Student
Daniel,Student
Mya,Student
Emily,Student
Hans,Waitlist Student
Ira,Waitlist Student
Raaed,Student
Naren,Student
Mallika,Student
Abigail,Student
Alson,Student
Alexis,Student
Justin,Student
Troy,Student
Aswinkarthik,Student
Hanwen,Student
Joanna,Student
Kim,Student
Joshua,Student
Austin,Student
Melody,Student
MARK,Student
Xin,Student
Hamza,Student
Chloe,Student
Shrey,Student
Chung,Student
Aiden,Student
Samantha,Student
Tasman,Student
Yeonsoo,Student
Omar,Student
Grace,Student
Ibtihal,Student
Emily,Student
Elijah,Student
Prokkawn,Student
Michelle,Student
Winnie,Student
Victor,Student
Pragya,Student
Hengmo,Student
Rachel,Student
Han,Student
Justin,Student
Ani,Student
Prabhleen,Student
Madeline,Student
Annie,Student
Natasha,Student
Osmaan,Student
Nitya,Student
Jimmy,Student
Michael,Student
Paul,Student
Ahmer,Student
Zalma,Student
Folasade,Student
Noah,Student
Adam,Student
Vibha,Student
Noah,Student
Pooja,Waitlist Student
James,Student
Lizzy,Student
Anitej,Student
Chanmarafine,Student
Yihang,Student
Claire,Waitlist Student
JORGE,Student
Yusuf,Student
Kaitlyn,Student
Mohammad,Student
Anny,Student
Thomas,Student
Kevin,Student
Akul,Student
Egor,Student
Emir,Student
Peiying,Student
Cecilia,Student
Xuanjie,Student
Tiffany,Student
Esther,Student
Asbah,Student
Fangxu,Student
Ellis,Student
Jake,Student
Steven,Student
Vivian,Student
Kalvin,Student
Morris,Student
Emma,Student
Lawrence,Student
Quanyi,Student
Xinyuan,Student
Starlette,Student
Amelie,Student
MAN,Student
Yijun,Student
Julianne,Student
Aditya,Student
Tracey,Student
Anthony,Student
Amrutha,Student
Mustafa,Student
Jasmine,Student
Siddharth,Student
Jackson,Waitlist Student
Krish,Student
Musfiqur,Student
Daniil,Student
David,Student
Junlajak,Student
Hannah,Student
Kevin,Student
Min,Student
Zee,Student
Mitchell,Student
Wesley,Student
Rashmi,Waitlist Student
Zihan,Waitlist Student
Catherine,Student
Anya,Student
Blake,Student
Varun,Student
Hyun,Student
Andrea,Student
Sean,Waitlist Student
Maiana,Student
Bella,Student
Chinoros,Student
Farhad,Student
Chloe,Student
Aditi,Student
Nick,Student
Divya,Student
Srihitha,Student
Janmesh,Student
Seoyoung,Student
Isidora,Student
Kobe,Waitlist Student
Jeremy,Student
Noah,Student
Fan,Student
Nick,Student
Adam,Student
Wilson,Student
Kabir,Student
Kitty,Student
Muhammad,Student
Jasmine,Student
Daniel,Student
Anushka,Student
Samiha,Student
William,Student
Andrew,Student
Ian,Student
Suhina,Student
Filipe,Student
Rhythm,Student
Bryan,Student
Ann,Student
Emmanuel,Student
Stephanie,Student
Maxim,Student
Krishay,Student
Aryan,Student
Iris,Student
Erin,Student
Jihun,Student
Anjali,Student
Hannah,Student
Abdullah,Student
Alton,Waitlist Student
Elliot,Student
Alice,Student
Zachary,Student
Brenda,Student
Anish,Student
Riya,Student
Susan,Waitlist Student
Sunay,Student
Matthew,Student
Amaan,Student
Avalon,Student
Ananyaa,Student
Cady,Student
Jason,Student
Diego,Student
Grace,Student
Theo,Student
Gabby,Student
Jayden,Student
Tm,Student
Zaira,Student
Tianlang,Student
Brian,Student
Leyi,Student
Araav,Student
Megha,Student
Ethan,Waitlist Student
Bailey,Student
Justin,Student
Judith,Student
Shubhan,Waitlist Student
Cathy,Student
Tarini,Student
Aldrin,Student
Chongye,Student
Chiraphat,Student
Rowan,Student
Charis,Student
Linjay,Student
Lilian,Student
Cole,Student
Amy,Student
Mannat,Student
Esmeralda,Student
Sanika,Student
Saif,Student
Ascia,Student
Safwan,Student
Sauhard,Student
Hawk,Student
Stephanie,Student
Felipe,Student
Min,Student
Samir,Student
Erin,Student
Melad,Student
Elizabeth,Student
Miguel,Student
Tiffany,Student
Paula,Student
Jacob,Student
Sanjana,Student
Rahul,Student
Vivek,Student
Ruotong,Student
Angela,Student
Alex,Student
Hogan,Student
Elizabeth,Student
Charisse,Student
Julia,Student
Lei,Student
Vishnu,Student
Tanya,Student
Sungmin,Student
Irina,Student
Richard,Student
Lyem,Student
Jessica,Student
Alhamzah,Student
Shaopu,Student
Christine,Waitlist Student
Taishi,Student
Ramya,Student
Kerrine,Waitlist Student
Akhil,Student
Tien,Student
Joseph,Student
Nicole,Student
Grant,Student
Marc,Student
Emily,Student
Aldrin,Student
Rohit,Student
David,Waitlist Student
Daniel,Student
Gopika,Student
Casey,Student
Zhuohui,Student
Chandramita,Student
Keristy,Student
Zilong,Waitlist Student
Sakshi,Student
Daisy,Waitlist Student
James,Student
Yuxin,Student
Noam,Student
Siddharth,Student
SAMAKSH,Student
Vaishik,Student
Akshat,Student
Meng-Chi,Student
Abinaya,Student
Buyankhuu,Student
Hanji,Student
Anthony,Student
Braulio,Student
Joey,Student
Kevin,Student
Simrun,Student
Tien,Student
Alexandra,Student
Annalisa,Student
Cole,Student
Ben,Student
Nidhi,Student
Shivali,Student
Peridot,Student
Aakriti,Student
Charlize,Student
Margaux,Student
Sharon,Student
Daechul,Student
Henry,Student
Jose,Student
Daniel,Student
Duong,Student
Agapito,Student
Emmanuel,Student
Zhihan,Student
Ritvick,Student
Wai,Student
Gordon,Student
Quang,Student
Seoyeon,Student
Yingshan,Student
Max,Student
Pooja,Student
Damien,Waitlist Student
Pranathi,Waitlist Student
Ronald,Student
Richelle,Student
Mohini,Student
Stephen,Student
James,Student
Michael,Student
Arleth,Student
Victor,Student
Geena,Student
Vikash,Student
Ian,Student
Natalie,Student
Kapil,Student
Hillary,Student
Erika,Student
Mary,Student
Amanda,Student
Luke,Student
Zhiqin,Student
Ediz,Student
Brian,Student
Brandon,Student
Tyler,Student
Theerada,Waitlist Student
Wanyu,Student
Alina,Student
Aileen,Student
Charles,Student
Jaskaran,Student
Joseph,Student
Aly,Student
Riya,Student
Haley,Student
Ben,Student
Yiwen,Student
Ahhyun,Student
Bhavna,Student
Nicole,Student
Mila,Student
Cynthia,Student
Trinity,Student
Andrew,Waitlist Student
Angela,Student
Joanne,Student
Tyler,Student
Diane,Student
Yussef,Student
Kush,Student
Sophie,Student
Jihyun,Student
Eliza,Student
Sharon,Student
June,Student
Alphonsus,Student
Danial,Student
Wang,Student
Anushka,Student
Alex,Student
America,Student
Leyla,Student
Qijun,Student
Ricardo,Student
Yifan,Student
Yash,Student
Aliza,Student
Christopher,Student
Anson,Student
Nathan,Student
Alyssa,Student
Buyu,Student
Kamer,Student
Preshtha,Waitlist Student
Rex,Student
Jack,Student
Rohan,Waitlist Student
Cynthia,Student
Aidan,Student
Eric,Student
Aditi,Student
Estella,Student
Raphael,Student
Edna,Waitlist Student
Sophia,Student
Lisa,Student
Kyle,Student
Mathieu,Student
Fatima,Student
Muhammad,Student
Jen,Student
Anzhela,Student
Sharanya,Student
Alannah,Student
Teryl,Student
Dominic,Student
Yuqin,Student
TJ,Student
Alexander,Student
Jenna,Student
Eugene,Student
Jenny,Student
Tianyi,Student
Jonah,Student
Yvonne,Student
Aditya,Student
Liana,Student
Sara,Student
Aakarsh,Waitlist Student
Raina,Student
Roderick,Student
Yue,Student
Riley,Student
Derrick,Student
Jeffrey,Student
Khushi,Student
Harish,Student
Monique,Waitlist Student
Felipe,Student
Priyanka,Student
Natalie,Student
Jaeik,Student
Kyle,Student
Mawil,Student
Rachna,Student
Kary,Student
Drake,Student
Xiaowen,Student
Ali,Student
Mandy,Student
Lily,Student
John,Student
Letta,Waitlist Student
Yousif,Student
Sarah,Student
Lucy,Student
Allison,Student
Bennett,Student
Bharath,Student
Aurora,Student
Jiayi,Student
Minh,Student
Nico,Student
Collin,Student
Eric,Student
John,Student
Yerin,Waitlist Student
Joan,Student
Qianhua,Student
William,Student
Valeria,Student
Jiayi,Student
Royce,Student
Anna,Waitlist Student
Aim,Student
Kristen,Student
Bella,Waitlist Student
Weiyu,Student
Ethan,Student
Vivian,Student
Tommy,Student
Avo,Waitlist Student
Sahana,Student
Harshini,Student
Jiaxiang,Student
Vaishnavi,Student
Kathy,Student
Karena,Student
Jack,Student
Jeffy,Student
Eshika,Student
Ishani,Student
Ruben,Student
Mahum,Waitlist Student
Koa,Student
Muhammad,Student
Dina,Student
Eesha,Student
Henric,Student
Siddharth,Student
Riya,Student
Zheng,Student
Brandon,Student
Ellie,Student
Eunice,Student
Denilson,Student
Sejin,Student
Jordan,Student
Lea,Student
Jiawen,Student
Canberk,Student
Jade,Student
Wilson,Student
Yisang,Student
Jacqueline,Student
Lu,Student
Shivi,Student
Yosolaoluwa,Student
Rohan,Student
Alex,Student
Noah,Student
Gongao,Student
Zarif,Student
Seth,Student
Nayoung,Student
Amina,Student
Utsav,Waitlist Student
Seungyoon,Student
Yuwei,Student
Xinyun,Student
Filhaq,Student
Giang,Student
Sean,Student
Shelby,Student
Hongbi,Student
Renee,Student
Yue,Student
Ace,Student
Joy,Student
Li,Student
Jacob,Student
Arly,Student
Karen,Student
Raina,Student
Yimeng,Waitlist Student
Melad,Student
Aidan,Student
Simran,Student
Sasha,Student
Juan,Student
Haojie,Student
Suparna,Student
Athena,Student
Zoe,Student
Samyak,Student
Emma,Student
Adina,Waitlist Student
Ramisha,Student
Matthew,Student
Asutosh,Student
Manu,Student
Manuel,Waitlist Student
Khadija,Student
Cheng-Kai,Student
Maricruz,Student
Elaine,Student
Yejin,Waitlist Student
Roselle,Student
Eli,Student
Jash,Student
Qing,Student
Miranda,Student
Manooshree,Student
Henry,Waitlist Student
Zhiqi,Student
Abraham,Student
Zhijing,Student
Charlotte,Student
Ivan,Student
Jae,Student
Jay,Student
Evan,Student
Stella,Student
HanLin,Student
Isabella,Student
Micah,Student
Priscilla,Student
Siddarth,Student
Ludo,Student
Beike,Student
Akash,Student
Johnson,Student
Pearly,Student
Thomas,Student
Emily,Student
Jesus,Student
Rongyu,Student
Ruiqi,Student
Nam,Student
Rahi,Student
Bryan,Waitlist Student
Ivar,Student
Trenton,Student
Ronit,Student
Conner,Student
Julianna,Student
Jay,Student
Cassidy,Student
Simonel,Student
Taiqi,Student
Karen,Student
Sai,Student
Yan,Student
Guohui,Student
Mahik,Student
Fiona,Student
Kyle,Student
King,Student
Irene,Student
Zishan,Student
Maochuan,Student
Moko,Student
Yuki,Student
Conan,Student
Samantha,Student
Neo,Student
Sarp,Student
Min,Student
Nicholas,Student
Shreya,Student
Bailin,Student
Joshua,Student
Javier,Student
Kang,Student
Aditi,Student
Sean,Student
Arunava,Student
Jesus,Student
Eric,Student
Praneet,Student
Kavin,Student
Shuran,Student
Yifei,Student
Aryan,Student
Soyeon,Student
Andre,Student
Phil,Student
Puyuan,Student
Jenna,Student
Trevor,Student
Allyson,Student
Ritik,Student
Jonathan,Student
Catherine,Student
Joseph,Waitlist Student
Yunhua,Student
Alexandra,Student
Ao,Student
Hanling,Waitlist Student
Yiqing,Student
Corrina,Student
Tal,Student
Boyu,Student
Carlos,Student
Yicheng,Student
Benel,Student
Chetan,Student
Vijay,Waitlist Student
Haoyu,Student
Isaiah,Student
Charles,Student
Jeffrey,Student
Danica,Student
Kat,Student
Kassandra,Student
Tavis,Student
Ariel,Student
Nikhil,Student
Matthew,Student
Enmanuel,Student
Giovanni,Waitlist Student
Reva,Student
Jc,Student
Mia,Student
Erin,Student
Stephanie,Waitlist Student
Avinash,Student
Janelle,Student
Leo,Student
Ryssa,Student
Zeming,Student
Mysha,Student
Vivian,Student
Bryant,Student
Tommy,Student
Hsiu-Ting,Student
Renzhi,Waitlist Student
Leo,Student
Ashley,Student
Vikram,Student
Brian,Student
Terra,Student
Yini,Student
Shirley,Student
Stanford,Student
Rahul,Student
Jayanth,Student
Jennica,Student
Aditya,Student
Megan,Student
Keyana,Student
Sara,Student
Xiao,Waitlist Student
Cameron,Student
Timea,Student
Satwika,Student
Wenjing,Waitlist Student
Weihao,Student
Anjuli,Student
Devang,Student
Rachel,Student
Joyce,Student
Chithra,Student
Vaishak,Student
Kartikeya,Student
Fariha,Student
Josh,Student
Wynnie,Student
Hannah,Student
Shreya,Student
Eisha,Student
Aila,Student
Ishika,Student
Lulu,Student
Victor,Waitlist Student
Phong,Student
Jenny,Waitlist Student
Madhav,Student
Saketh,Student
Bradley,Student
Ashley,Student
Vaidehi,Student
Bridget,Student
Anjali,Student
Jackson,Student
Akira,Student
Austin,Student
Alvie,Student
Jazmine,Student
Belinda,Student
Arvinder,Student
Shreyas,Student
Yanbing,Student
Nya,Student
Helen,Student
Didi,Waitlist Student
Minnie,Student
Abigael,Student
Ananya,Student
Daniela,Student
Avani,Student
Christian,Student
Rishi,Student
Junho,Student
Robert,Student
Athmiha,Student
Chase,Student
Karson,Student
Julie,Waitlist Student
Xainab,Student
Shannen,Student
Huaxiao,Student
Xinrui,Student
Aishani,Student
Han,Student
Ming,Student
Nicole,Student
Sean,Student
Prateek,Student
Arjun,Student
Zhaoyi,Student
Kenny,Student
Yu,Student
Joram,Student
Ayesha,Student
Pedro,Student
Hidy,Student
Jason,Student
Oliver,Student
Ryan,Student
Seanne,Student
Shubham,Student
Costas,Student
Mustafa,Student
Savr,Student
Neharika,Student
Tanishk,Student
Joshua,Student
Scott,Student
Xifeng,Student
Kloe,Student
Alvaro,Student
Tulsi,Student
Shiyu,Student
Tianye,Student
Mona,Student
James,Student
Yichi/Ella,Student
Anthony,Student
Temidayo,Student
Claudia,Student
Ankit,Waitlist Student
Yutong,Student
Halie,Student
Adaeze,Student
Julia,Student
Gina,Student
Siyao,Student
Surya,Student
Dana,Student
Elaine,Student
Koko,Student
Naman,Student
Ricky,Student
Steffi,Student
Joshua,Student
Audrey,Student
Yash,Student
Adel,Student
Yixin,Student
Tim,Student
Jaewon,Student
Evelyn,Student
Isis,Student
Antonio,Student
Murtaza,Student
Sarika,Waitlist Student
Sheng,Student
Rohil,Student
Athene,Student
Ray,Student
Anqi,Student
Daniel,Student
Zhiyang,Student
Rui,Student
Esha,Student
Kaitlyn,Student
Ruwan,Student
Priyanka,Student
Avery,Student
Justin,Student
Pavit,Student
Margaret,Student
Marco,Student
Hugh,Student
Joowon,Student
Alaysha,Student
Richard,Student
Jing,Student
Ivan,Student
Marco,Student
Antoine,Student
Armaan,Student
Annika,Student
Jackson,Student
Oliver,Student
Cassie,Student
Bartu,Student
Chunghyun,Student
Christina,Waitlist Student
Miray,Student
Sungsoo,Waitlist Student
Marciela,Student
Augustin,Student
Limi,Student
Bukola,Student
Ikshita,Student
Tatiana,Student
Fred,Student
Victor,Student
Viet,Student
Ojasvi,Student
Timothy,Student
Tavish,Student
Vania,Student
Christian,Student
Jaehan,Student
Anna,Student
Radha,Student
Meher,Student
Tiffany,Student
Ellie,Student
Anvitha,Student
Hayden,Student
Vaishali,Student
LuLu,Waitlist Student
Angela,Student
Bonwoo,Student
Marvin,Student
Satyam,Student
Gia,Student
Welford,Student
Mia,Student
Mira,Student
Faisal,Student
Sofia,Student
Lee,Student
Botian,Student
Kira,Waitlist Student
Yanjun,Student
Sahityasree,Student
Tony,Student
Therese,Student
Alexis,Student
Allen,Student
Rafael,Student
Amy,Waitlist Student
Marcus,Student
Zcjanin,Student
Thomas,Waitlist Student
Yunze,Student
Heather,Student
Sophia,Student
Jay,Waitlist Student
Jaewon,Student
Megan,Student
Nadia,Student
Priya,Waitlist Student
Jessica,Student
Neeraj,Student
Darren,Student
Garvit,Student
Vincent,Student
Eduardo,Student
Frances,Student
Christina,Student
Constantin,Student
Rahul,Student
Aarushi,Student
Elif,Student
Atman,Student
Aidan,Student
Alice,Student
Issac,Student
Aneek,Student
Gabrielle,Waitlist Student
Ryan,Waitlist Student
Grant,Student
Alexandra,Student
Jiaqing,Student
Warren,Waitlist Student
Cadence,Student
Zachary,Student
Brayden,Student
Madeleine,Student
Sana,Student
Britt,Student
Wei,Student
Suran,Student
Rishaan,Student
Dion,Student
Taiga,Student
Sinead,Student
Julian,Waitlist Student
Yunhao,Student
Ben,Student
Zonghang,Student
Huimei,Student
Manan,Student
Aayaan,Student
Branden,Student
Ruben,Student
Xuanqi,Student
Juan,Student
Sirak,Student
Samuel,Student
Derry,Student
Swetha,Student
Annjali,Student
Geovanni,Student
Alexander,Student
Indu,Student
Candice,Student
Kathryn,Student
Tianze,Student
Lan,Student
Christoffer,Waitlist Student
Clara,Student
Boen,Student
Nancy,Waitlist Student
Gavin,Student
Arav,Student
Muhammad,Student
Adnan,Waitlist Student
Weiqian,Student
Miguel,Student
Ashmita,Student
Sining,Student
Valerie,Student
Hoan,Student
Mani,Student
Bilguun,Waitlist Student
Yueh-Han,Student
Deheng,Student
Shambhavi,Student
Sriman,Student
Rishi,Waitlist Student
Charlie,Student
Shih,Student
Trevor,Student
Vignesh,Student
Srilakshmi,Student
Saroj,Waitlist Student
Nicole,Student
Laurene,Student
Deok,Student
Zemin,Waitlist Student
Elena,Student
Yiyao,Student
Amy,Student
Nithurhan,Student
Harpreet,Student
Jaquelyn,Student
Shujie,Student
Latifa,Student
Inho,Student
Malavika,Student
Mihir,Student
Sanik,Student
Cindy,Student
Raine,Student
Allison,Waitlist Student
Caleb,Student
Robin,Waitlist Student
Sam,Student
Shivani,Student
Harjot,Student
Harshil,Student
Zora,Student
